keyword,intent_bucket,stage,page_type,parent_hub,priority
best laptops 2025,commercial,mid,hub,best laptops,4
best budget laptops 2025,commercial,mid,hub,best budget laptops,3
best gaming laptops 2025,commercial,mid,hub,best gaming laptops,3
best student laptops 2025,commercial,mid,hub,best student laptops,3
best business laptops 2025,commercial,mid,hub,best business laptops,3
best ultrabooks 2025,commercial,mid,hub,best ultrabooks,3
best 2-in-1 laptops 2025,commercial,mid,hub,best 2-in-1 laptops,3
best laptops under $500,commercial,mid,hub,best laptops,4
best laptops under $700,commercial,mid,hub,best laptops,4
best laptops under $1000,commercial,mid,hub,best laptops,4
best laptops under $1500,commercial,mid,hub,best laptops,4
best laptops under $2000,commercial,mid,hub,best laptops,4
best gaming laptops under $1000,commercial,mid,hub,best gaming laptops,2
best gaming laptops under $1500,commercial,mid,hub,best gaming laptops,2
best gaming laptops under $2000,commercial,mid,hub,best gaming laptops,2
best student laptops under $500,commercial,mid,hub,best student laptops,2
best student laptops under $1000,commercial,mid,hub,best student laptops,2
best business laptops under $1000,commercial,mid,hub,best business laptops,2
best ultrabooks under $1000,commercial,mid,hub,best ultrabooks,2
best cheap laptops for college,commercial,mid,hub,best laptops,2
best laptops for programming,commercial,mid,hub,best laptops for programming,4
best laptops for graphic design,commercial,mid,hub,best laptops for graphic design,4
best laptops for video editing,commercial,mid,hub,best laptops for video editing,4
best laptops for music production,commercial,mid,hub,best laptops,4
best laptops for photo editing,commercial,mid,hub,best laptops,4
best laptops for writers,commercial,mid,hub,best laptops,4
best laptops for travelers,commercial,mid,hub,best laptops,4
best laptops for remote work,commercial,mid,hub,best laptops,4
best laptops for engineering students,commercial,mid,hub,best student laptops,4
best laptops for data science,commercial,mid,hub,best laptops,4
best laptops for machine learning,commercial,mid,hub,best laptops,4
best laptops for finance professionals,commercial,mid,hub,best laptops,4
best laptops for accounting,commercial,mid,hub,best laptops,4
best laptops for virtual meetings,commercial,mid,hub,best laptops,4
best laptops for streaming,commercial,mid,hub,best laptops,4
best 4K laptops,commercial,mid,hub,best laptops,3
best OLED laptops,commercial,mid,hub,best laptops,3
best touch screen laptops,commercial,mid,hub,best laptops,3
best lightweight laptops,commercial,mid,hub,best laptops,3
best thin and light laptops,commercial,mid,hub,best laptops,3
best rugged laptops,commercial,mid,hub,best laptops,3
best chromebooks 2025,commercial,mid,hub,best chromebooks,3
best macbooks 2025,commercial,mid,hub,best macbooks,3
best windows laptops 2025,commercial,mid,hub,best windows laptops,3
best linux laptops 2025,commercial,mid,hub,best linux laptops,3
best detachable laptops,commercial,mid,hub,best laptops,3
top 10 laptops 2025,commercial,early,hub,best laptops,3
top gaming laptops 2025,commercial,early,hub,best gaming laptops,3
top student laptops 2025,commercial,early,hub,best student laptops,3
top business laptops 2025,commercial,early,hub,best business laptops,3
laptops with best battery life,commercial,mid,hub,best laptops,3
best laptops with long battery life,commercial,mid,hub,best laptops,4
best laptops with mechanical keyboards,commercial,mid,hub,best laptops,4
best convertible laptops,commercial,mid,hub,best laptops,3
best laptops for multitasking,commercial,mid,hub,best laptops,4
best laptops with 32GB RAM,commercial,mid,hub,best laptops,4
best laptops with 64GB RAM,commercial,mid,hub,best laptops,4
best laptops with RTX 4070,commercial,mid,hub,best laptops,4
best laptops with RTX 4080,commercial,mid,hub,best laptops,4
best laptops with AMD Ryzen 9,commercial,mid,hub,best laptops,4
best laptops with Intel Core i9,commercial,mid,hub,best laptops,4
best laptops with M4 chip,commercial,mid,hub,best laptops,4
MacBook Air vs Dell XPS 13,comparison,mid,comparison,best macbooks,1
MacBook Air vs MacBook Pro 2025,comparison,mid,comparison,best macbooks,1
Dell XPS 13 vs HP Spectre x360,comparison,mid,comparison,best laptops,1
Lenovo ThinkPad X1 Carbon vs Dell XPS 15,comparison,mid,comparison,best laptops,1
AMD Ryzen 7 vs Intel Core i7 laptop,comparison,mid,comparison,best laptops,1
Ryzen 9 vs M4 laptop performance,comparison,mid,comparison,best laptops,1
Intel Core Ultra 5 vs Ryzen 5 laptop,comparison,mid,comparison,best laptops,1
MacBook Air M4 vs M3,comparison,mid,comparison,best macbooks,1
MacBook Pro M4 vs M3,comparison,mid,comparison,best macbooks,1
Surface Laptop Studio vs MacBook Pro,comparison,mid,comparison,best macbooks,1
Asus ROG Zephyrus vs Alienware x16,comparison,mid,comparison,best laptops,1
Razer Blade 16 vs Asus ROG Strix,comparison,mid,comparison,best laptops,1
HP Envy x360 vs Dell Inspiron 14,comparison,mid,comparison,best laptops,1
Acer Swift Go vs Asus Zenbook,comparison,mid,comparison,best laptops,1
Samsung Galaxy Book4 vs LG Gram,comparison,mid,comparison,best laptops,1
Lenovo Yoga vs HP Spectre,comparison,mid,comparison,best laptops,1
Lenovo Legion vs Asus TUF gaming laptops,comparison,mid,comparison,best gaming laptops,1
Dell Inspiron vs Dell Latitude,comparison,mid,comparison,best laptops,1
HP EliteBook vs Lenovo ThinkPad,comparison,mid,comparison,best laptops,1
MacBook Air vs Chromebook,comparison,mid,comparison,best chromebooks,1
Asus Zenbook vs MacBook Air,comparison,mid,comparison,best macbooks,1
Dell Precision vs MacBook Pro,comparison,mid,comparison,best macbooks,1
Intel Evo vs non Evo laptops,comparison,mid,comparison,best laptops,1
Chromebook Plus vs Windows laptop,comparison,mid,comparison,best chromebooks,1
RTX 4060 vs RTX 4070 laptop,comparison,mid,comparison,best laptops,1
Ryzen 5 7600HS vs Intel Core i5-1335U,comparison,mid,comparison,best laptops,1
Intel Core Ultra 7 vs Ryzen 7 7840HS,comparison,mid,comparison,best laptops,1
M4 chip vs Intel Core Ultra,comparison,mid,comparison,best laptops,1
fanless laptops,problem,early,use-case,best laptops,1
silent laptops,problem,early,use-case,best laptops,1
lightweight work laptop,problem,early,use-case,best laptops,1
laptop with best keyboard,problem,early,use-case,best laptops,1
laptop with best cooling system,problem,early,use-case,best laptops,1
durable laptop for travel,problem,early,use-case,best laptops,1
water resistant laptop,problem,early,use-case,best laptops,1
rugged laptop for field work,problem,early,use-case,best laptops,1
laptop with best webcam,problem,early,use-case,best laptops,1
laptop with best speakers,problem,early,use-case,best laptops,1
laptop with brightest screen,problem,early,use-case,best laptops,1
laptop with longest battery life,problem,early,use-case,best laptops,1
laptop that doesn’t overheat,problem,early,use-case,best laptops,1
laptop with most USB ports,problem,early,use-case,best laptops,1
quiet gaming laptop,problem,early,use-case,best gaming laptops,1
portable gaming laptop,problem,early,use-case,best gaming laptops,1
fanless notebook for students,problem,early,use-case,best student laptops,1
lightweight business laptop,problem,early,use-case,best business laptops,1
non reflective screen laptop,problem,early,use-case,best laptops,1
best laptop for outdoor use,problem,early,use-case,best laptops,1
best laptop for privacy,problem,early,use-case,best laptops,1
laptop for writers with comfortable keyboard,problem,early,use-case,best laptops,1
laptop for accountants with numpad,problem,early,use-case,best laptops,1
laptop with 17 inch screen and long battery,problem,early,use-case,best laptops,1
laptop with dual screens,problem,early,use-case,best laptops,1
laptop with stylus support,problem,early,use-case,best laptops,1
touchscreen laptop with long battery life,problem,early,use-case,best laptops,1
ultra portable laptop with HDMI port,problem,early,use-case,best laptops,1
laptop with upgradeable RAM,problem,early,use-case,best laptops,1
user replaceable battery laptop,problem,early,use-case,best laptops,1
budget laptop with SSD,problem,early,use-case,best budget laptops,1
budget gaming laptop that stays cool,problem,early,use-case,best budget laptops,1
budget laptop with IPS display,problem,early,use-case,best budget laptops,1
fanless Chromebook,problem,early,use-case,best chromebooks,1
laptop for travel bloggers,problem,early,use-case,best laptops,1
laptop for content creators,problem,early,use-case,best laptops,1
laptop for engineering software,problem,early,use-case,best laptops,1
laptop for CAD work,problem,early,use-case,best laptops,1
laptop for 3D modeling,problem,early,use-case,best laptops,1
laptop for photo editing under $1000,problem,early,use-case,best laptops,1
laptop for video editing under $1500,problem,early,use-case,best laptops for video editing,1
Lenovo ThinkPad X1 Carbon review,brand/model,late,review,best laptops,2
Dell XPS 13 2025 review,brand/model,late,review,best laptops,2
MacBook Air M4 review,brand/model,late,review,best macbooks,2
MacBook Pro M4 review,brand/model,late,review,best macbooks,2
HP Spectre x360 16 review,brand/model,late,review,best laptops,2
Asus ROG Zephyrus G16 review,brand/model,late,review,best laptops,2
Acer Swift Go 14 review,brand/model,late,review,best laptops,2
Microsoft Surface Laptop Studio 2 review,brand/model,late,review,best laptops,2
Razer Blade 16 review,brand/model,late,review,best laptops,2
Alienware x16 R2 review,brand/model,late,review,best laptops,2
LG Gram SuperSlim review,brand/model,late,review,best laptops,2
Samsung Galaxy Book4 Pro review,brand/model,late,review,best laptops,2
Asus Zenbook S 14 OLED review,brand/model,late,review,best laptops,2
HP Envy x360 14 review,brand/model,late,review,best laptops,2
Dell Inspiron 14 Plus review,brand/model,late,review,best laptops,2
Lenovo Yoga 9i review,brand/model,late,review,best laptops,2
Framework Laptop 16 review,brand/model,late,review,best laptops,2
MSI Stealth 16 Studio review,brand/model,late,review,best laptops,2
Gigabyte Aero 16 review,brand/model,late,review,best laptops,2
Lenovo Legion Slim 5 review,brand/model,late,review,best laptops,2
Asus TUF Gaming A16 review,brand/model,late,review,best gaming laptops,2
HP Omen Transcend 16 review,brand/model,late,review,best laptops,2
Dell Latitude 9450 review,brand/model,late,review,best laptops,2
Asus ExpertBook B9 OLED review,brand/model,late,review,best laptops,2
Apple MacBook Air for Students review,brand/model,late,review,best student laptops,2
Acer Chromebook Plus 515 review,brand/model,late,review,best chromebooks,2
HP Dragonfly G4 review,brand/model,late,review,best laptops,2
Lenovo Slim 7i review,brand/model,late,review,best laptops,2
Razer Book 13 review,brand/model,late,review,best laptops,2
Dynabook Portege X40L review,brand/model,late,review,best laptops,2
ROG Zephyrus M2 review,brand/model,late,review,best laptops,2
